_ID_EXAM,ID_PATIENT_spiral,CLASS_TYPE_spiral,N_RECORDS_spiral,spiral_mean__RMS,spiral_mean__MAX_BETWEEN_ET_HT,spiral_mean__MIN_BETWEEN_ET_HT,spiral_mean__STD_DEVIATION_ET_HT,spiral_mean__MRT,spiral_mean__MAX_HT,spiral_mean__MIN_HT,spiral_mean__STD_HT,spiral_mean__CHANGES_FROM_NEGATIVE_TO_POSITIVE_BETWEEN_ET_HT,spiral_std__RMS,spiral_std__MAX_BETWEEN_ET_HT,spiral_std__MIN_BETWEEN_ET_HT,spiral_std__STD_DEVIATION_ET_HT,spiral_std__MRT,spiral_std__MAX_HT,spiral_std__MIN_HT,spiral_std__STD_HT,spiral_std__CHANGES_FROM_NEGATIVE_TO_POSITIVE_BETWEEN_ET_HT,ID_PATIENT_meander,CLASS_TYPE_meander,N_RECORDS_meander,meander_mean__RMS,meander_mean__MAX_BETWEEN_ST_HT,meander_mean__MIN_BETWEEN_ST_HT,meander_mean__STD_DEVIATION_ST_HT,meander_mean__MRT,meander_mean__MAX_HT,meander_mean__MIN_HT,meander_mean__STD_HT,meander_mean__CHANGES_FROM_NEGATIVE_TO_POSITIVE_BETWEEN_ST_HT,meander_std__RMS,meander_std__MAX_BETWEEN_ST_HT,meander_std__MIN_BETWEEN_ST_HT,meander_std__STD_DEVIATION_ST_HT,meander_std__MRT,meander_std__MAX_HT,meander_std__MIN_HT,meander_std__STD_HT,meander_std__CHANGES_FROM_NEGATIVE_TO_POSITIVE_BETWEEN_ST_HT,label
2,1,2,4,1740.24293175,3858.7748705,30002.52363,0.0,23.10903825,177.53180425,0.01219225,1457.00922875,0.1987075,355.79699075375515,635.5638580140485,2238.592030432102,0.0,1.6823707261910776,3.4745842077641154,0.007115203875329224,174.6787600117971,0.05196204115265296,1,2,4,4356.1194457500005,6404.69567875,17465004.271485,0.253251,19.35475575,194.2010995,0.0475445,679.40432725,0.1987075,1094.067565660297,1225.3209171048218,30190148.321636703,0.415338487801215,1.3246433541918696,11.183789716846455,0.05072799600072922,163.4691130690318,0.05196204115265296,1
3,1,2,4,2044.59868125,4741.5203565,32506.4063525,0.0,25.4702,183.45341925,0.0077535,1766.32501325,0.19897325,390.43709749775957,900.1861594924484,2111.911281427121,0.0,1.7848490070984997,1.8615215958962639,0.008977213529263965,128.42386308951777,0.029052414756565417,1,2,4,4988.083374,7355.7089845,40522.02637,0.03118975,19.8040415,203.89607999999998,0.058154,700.319153,0.19897325,716.6805651657584,661.8883125907021,2572.2372542620856,0.02140568544073046,0.7107256384574495,14.672310226142821,0.06290343895606981,106.95741686382367,0.029052414756565417,1
4,1,2,4,1943.268085,4200.81395525,29293.859235000004,0.0,26.958889,175.7473395,0.027839500000000003,1722.24595975,0.16654025,285.2661853811958,736.22015326743,4413.452531426855,0.0,1.6068195208045313,4.3713145638426365,0.02662354065953663,241.6916331232492,0.024674867683282507,1,2,4,4508.2443235,6936.438843,46331.287110000005,0.048036999999999996,21.45157425,204.665123,0.1058375,895.0921935,0.16654025,440.98160235838014,425.3591957054026,15782.501507087785,0.04690044387316606,1.0222992625881078,13.651161186979499,0.06933427509716966,141.11330749122754,0.024674867683282507,1
5,1,2,4,3723.84915725,6816.37291725,33727.1055575,0.0002705,27.59475075,182.30891025,0.019485000000000002,1860.959206,0.223837,565.5099233358118,240.86824461712143,1356.3692232476305,0.0004685197434473813,2.753921303000902,2.1033192371944307,0.010581892552847057,197.329393336448,0.034243700260047825,1,2,4,4824.6589352500005,7029.444092,47833.97168,0.0688585,19.50993975,196.13875575,0.038559,671.1537475,0.223837,368.5831195844746,942.0645380145888,8765.56373267548,0.09000857201816947,1.26564912913026,15.395481440930334,0.03866462519539017,143.2077052262556,0.034243700260047825,1
9,2,2,4,1576.0111917499999,4104.562974750001,31111.1161575,0.01058425,22.11219075,177.968314,0.008398,1548.159419,0.1522845,144.52896167173054,226.5299819551874,750.1291319807979,0.01833245876001089,1.424464550708681,3.522559056141072,0.008754981867485506,133.3231562512151,0.003163800681142856,2,2,4,4346.24267575,7580.41052275,58067.759765,0.042949,20.33508925,207.167908,0.09627375,746.1345675,0.1522845,296.1359947252658,404.7663266205129,19725.978104334292,0.029398790902008202,0.6285023565951746,7.998981938379253,0.06386639345686823,60.09133826308673,0.003163800681142856,1
10,2,2,4,2621.97739675,5607.14173725,33983.2002825,0.042571,26.48120575,181.98883775000002,0.01774525,1905.94083825,0.18766675,92.39365969544667,345.72660153741873,918.4421610939049,0.07318043758409758,3.503172065869901,2.2794970686756075,0.01668971556640496,303.25448566383164,0.01962705669955381,2,2,4,4132.6177370000005,6906.46618625,50057.58008,0.0473525,23.86619275,177.341526,0.05073525,844.94755575,0.18766675,513.6673571226398,804.0727947779184,23133.71190968628,0.07178755546924549,6.693418984116164,23.91837361523984,0.03320916202928794,304.31135140760114,0.01962705669955381,1
16,3,2,4,2965.532976,4197.857282,27223.09341,15.7491655,28.0309865,185.5013495,0.00972175,1939.0244284999999,0.178333,460.20384261760523,587.9587787948268,8408.564829663685,26.282142118045442,4.62197302002643,2.711102853089356,0.009722857151449875,235.57163415655177,0.028468281692086712,3,2,4,4540.536377,6124.5595702499995,37211.379394999996,0.17181524999999997,19.0584275,203.6366425,0.074578,177633.4451905,0.178333,1034.6252202989372,89.62024871210784,6487.575123971664,0.15752271052355432,0.8205101681711494,3.716065314151415,0.04484699615916321,306632.7863258108,0.028468281692086712,1
23,3,2,4,2151.1387335,4468.05336075,30928.8140375,0.0049717500000000005,23.2283045,180.79619225000002,0.012302249999999999,1530.993801,0.17047275,373.8828224938868,806.6329455537251,2316.367130424666,0.0047303987345148815,2.5644583624563397,3.1311914870070923,0.018858906654085225,222.40337354180437,0.006306133893876652,3,2,4,4708.762329,7382.10986325,56281.3916025,0.018258,20.876185749999998,195.2552035,0.01646575,836.49157725,0.17047275,1307.9658701941241,1009.1940335290683,22471.71656911575,0.026168634593726894,0.2953322810516786,13.03116691796488,0.02851951558472724,82.37509161607944,0.006306133893876652,1
24,3,2,4,3212.50291175,5640.831732000001,32197.1875225,0.0029762499999999997,28.489483,184.45372125,0.004407,1956.31630825,0.210942,682.9265288827864,662.1210099645875,1347.955532372589,0.002639121669703767,3.1575250914571527,3.919811097019171,0.004686593805739943,160.21033186982908,0.02934401600837895,3,2,4,3925.0561525000003,6409.34033225,33898.6469725,0.049678,19.415604,196.89381025,0.10506475000000001,653.33717325,0.210942,245.07713500612527,540.671744039244,4597.948042040394,0.05875089070388635,0.9269623148707293,19.47461424215455,0.0925004147054893,136.27342660389337,0.02934401600837895,1
30,5,2,4,2841.92699925,5489.99666775,33565.140855,0.00027925,25.16144225,177.951662,0.01283575,1669.3429879999999,0.1798025,342.0495597433061,344.93613551930497,1954.673894974969,0.00036963994305269556,1.5756897261247798,7.544545063356461,0.011555095810398977,161.07242232684442,0.039843846039884244,5,2,4,4112.736267,7251.6943360000005,48979.41992,0.0001365,19.12204725,181.35842125,0.118695,591.8952252500001,0.1798025,459.55771304378385,501.81935998160213,14260.63734940383,0.00023642493523315177,1.1512636779798482,42.16030242149175,0.12983330517629135,141.69537459778104,0.039843846039884244,1
31,5,2,4,2359.112459,4951.7752915,33472.6131275,0.1402835,23.592736,176.03989275,0.0117235,1498.62744525,0.20246025,601.8990288012243,521.7320147596228,1407.4883680602609,0.2397137946181863,3.1889809750348928,3.5060447238693597,0.015366519034901821,161.98867770077422,0.02214359547786899,5,2,4,5462.62231425,7652.367798,50542.575195,0.000495,21.48299,205.473095,23.41692275,864.360382,0.20246025,1252.6225901665991,1162.28805209098,19455.028326454998,0.00039594759754290725,0.48579984699153683,5.1957470625483175,40.173956858967074,96.61540080639881,0.02214359547786899,1
37,6,2,4,2005.89375875,4231.12573125,29270.89151,0.0,25.58331425,178.98394575,0.02297625,1676.1889595,0.19695675,262.9014084729002,524.4630274234411,4521.0552409806205,0.0,1.2678344555063905,2.599051174542972,0.00904247124338806,105.37004190185532,0.009869219532845554,6,2,4,4197.94458,7015.019409,53988.6484375,0.035395499999999996,19.75200425,193.86803824999998,0.088275,678.82276925,0.19695675,459.43614751879613,428.3309845288867,9687.352671335688,0.06020052280711522,1.3528285972743137,23.860198802375496,0.06900495408664511,105.55616401915799,0.009869219532845554,1
38,6,2,4,2198.50397575,4382.57819675,31035.356175,0.0011635,25.91646275,181.72740025,0.003261,1791.23053525,0.197151,313.80504401893614,590.5942539398103,3390.298166452169,0.0020152411146063887,1.3744829135008134,2.3390541760751766,0.0022639239165661022,115.97104021917836,0.010635680091089622,6,2,4,4704.26806625,7163.7783202499995,42673.9311525,0.0803395,21.058994249999998,210.30160899999998,0.08327999999999999,799.75967425,0.197151,596.0476710853219,861.2429071176332,11845.205332184703,0.10939042523571245,0.9704756132771635,2.7418221963785356,0.05673210470712328,74.86197606435168,0.010635680091089622,1
44,7,2,4,2583.26645475,4963.3745,31324.83183,0.000783,6932.7680555,180.03022725,0.035638500000000004,1817.7002785,0.17308225,239.31264222334673,653.1305413115975,1474.6969732479588,0.0013561957823264308,11963.408867652683,1.5187338416520515,0.021469903708447324,124.18290346073236,0.015570717635597269,7,2,4,4095.7902832500004,7359.70617675,37074.369139999995,0.004397249999999999,20.77504575,204.275196,0.051757,672.3679960000001,0.17308225,290.0191701872592,1323.0010332986687,6951.4198633323595,0.007607025613700797,0.5351706314108494,2.76725910889683,0.032747212362275964,78.1559186799128,0.015570717635597269,1
45,7,2,4,1971.446681,4471.9652575,31645.396095,0.0,27.78160675,179.4921695,0.02343125,1713.69148975,0.19019575,271.33188012069076,331.36870057290326,1838.3727696656708,0.0,3.064735387762245,4.476690754229382,0.015602806243990214,201.67840061276786,0.017848722942762595,7,2,4,4334.51763925,7261.7332765,42382.7109375,0.015803499999999998,20.7106925,201.3032265,0.02059325,791.84594725,0.19019575,651.2380124533138,468.6385659066172,10774.243861592002,0.025196796795426198,0.32046398227920747,1.529422787616382,0.033050626418987886,81.39436483538672,0.017848722942762595,1
46,7,2,4,1692.3000525,3778.41940025,28972.6801225,0.23522075,21.52944875,177.2835005,0.01406,1382.9782895,0.1495215,124.92490077367376,338.3092166154043,2800.2110986814605,0.3546917116464487,1.842825308422014,2.6004157042681117,0.015086183563114962,183.22772618566253,0.01935122306858148,7,2,4,3583.05816625,6354.42236325,40440.2875975,0.041661000000000004,19.39073475,176.67910375,0.05022675,633.6375732500001,0.1495215,365.45434230881716,358.2318131057896,10288.535705372775,0.054125832349258156,0.7902426878634728,15.604446056691382,0.031806588361336395,90.7825521802734,0.01935122306858148,1
51,8,2,4,2170.402282,4626.5597615,30535.228170000002,0.0,23.89456525,180.30781224999998,0.029349999999999998,1635.681349,0.18548675,304.71789074397225,509.5247270175311,814.1740185513976,0.0,2.4225063387537684,5.282059047926692,0.039491529674095936,191.5779903570743,0.025356717920257343,8,2,4,3965.757141,6818.6798094999995,41710.8540075,0.03129425,19.85670025,207.42348099999998,0.02801525,706.03590375,0.18548675,221.86693963064,393.97121989043023,7281.16139944987,0.0438600694104273,0.4035731164128595,8.273273002641343,0.02259418231951535,78.84728327427462,0.025356717920257343,1
52,8,2,4,1959.987874,4308.5353835000005,30511.70538,7.25e-06,24.338007750000003,173.300864,0.019938,1512.541154,0.1894375,114.14186298374689,260.1541969755754,1251.5432234063014,1.255736835487436e-05,1.7059150911877714,3.6132572181796796,0.018931156422680576,167.093171099514,0.043485737854496616,8,2,4,3584.8563845,6523.11853025,48278.9169925,0.01303375,19.948311,190.15698625,0.076262,719.90405275,0.1894375,799.118959540019,355.87497222754314,12142.971919101243,0.010212309468846898,1.1819199986589615,18.010536788383966,0.04929349029537267,155.87746347775507,0.043485737854496616,1
53,8,2,4,2281.40223625,4554.5136475,29033.26396,0.18118574999999998,26.689407250000002,172.77217525,0.026303,1526.715305,0.210002,448.4219734040316,848.2275051695294,3448.256475488582,0.25558493845332025,3.819355227768123,6.1393539208882,0.020903467260241778,243.64719720254303,0.04765210629657413,8,2,4,3853.8239745,5747.98480225,34346.69922,0.01141625,19.73932575,190.00608075,0.041964749999999995,732.4981995,0.210002,820.3517278316432,1335.7543050014212,8685.895529112593,0.017572058749261567,2.0569550129788183,15.38790962013925,0.04318682893762287,162.82189164436488,0.04765210629657413,1
54,8,2,4,2059.73944925,4043.1650902499996,32906.1796825,0.009280749999999999,23.35757925,177.2079005,0.0204955,1513.81426525,0.19853625,112.91785946010548,336.466391328451,3048.3508741275054,0.015987669488937404,1.826416837600658,9.112042614390154,0.024965946422076613,203.84017064112763,0.017484559579454672,8,2,4,4961.592561,6841.376831,50508.288085,2.245998,20.72027525,200.25996025,0.11791874999999999,699.0464782500001,0.19853625,3702.643710409594,1410.3365725747951,15739.063695907227,3.8852378164047434,2.2435853582283642,13.82633446157269,0.029841037292418313,193.43224243235198,0.017484559579454672,1
68,1,1,4,2098.56780625,4638.4813345,8433307.658555001,0.0,28.18702425,185.09696225,0.01238,1934.44040975,0.19373675,252.8704764063416,455.505804554355,14549022.616165938,0.0,1.7026767698799106,1.251068230717526,0.009920011189509819,157.21952376182946,0.013635478638005342,1,1,4,2893.11364725,6724.991211,46286.093752500004,0.00017449999999999999,24.08719925,223.4399645,0.1334225,1200.30894475,0.19373675,231.440741127502,336.52738597771605,5094.178279073771,0.00028742781702542294,3.760314320622704,7.186245304470252,0.14888259217668798,501.8503710417168,0.013635478638005342,0
92,2,1,4,1871.3562562500001,4618.8061225,34211.508575,0.0,24.66961075,179.55715125,0.00865325,1687.53507925,0.18626625000000002,171.61640889956325,326.9573292342775,1212.033100049137,0.0,2.634662397209875,7.413782489595527,0.010653525317353876,196.53796902411815,0.018837421126244962,2,1,4,3977.4019772499996,6587.404541,40097.322755,0.00021275,27.6754615,191.81448,0.0511175,1333.09605425,0.18626625000000002,905.3803363071863,1203.5290529293995,14047.711097145195,0.0002700549712558537,12.581740856441577,32.522537586326116,0.03160813289724656,1034.1519855654547,0.018837421126244962,0
98,3,1,4,1930.86256675,4383.43752975,30922.20543,0.005016,22.5129995,182.015422,0.019237999999999998,1546.59390875,0.1810645,160.25892683189306,251.6931590989106,2017.3974200548928,0.007020236035917881,1.7959540857113387,4.427203970444881,0.009968424474308867,160.6694982399634,0.05635150124663938,3,1,4,3039.69024625,6130.472656,35130.0542,0.028348,20.32338475,201.02238499999999,0.10977225,706.2887115,0.1810645,578.2904807052893,694.5489300921585,4242.035480901371,0.04620922130376144,1.4677682356260082,19.67083272614262,0.07307971882258102,139.83838155109083,0.05635150124663938,0
100,4,1,4,1990.6122934999999,4431.6924695,32012.033055,0.0,27.20657775,178.076545,0.0313385,1704.631251,0.2021975,150.1960964091122,360.5950457679851,1609.0537183253068,0.0,1.8249589633382677,4.9338068394522665,0.047796862023044985,113.7254941129773,0.009500812925744827,4,1,4,3349.208618,6521.147339,44914.966795,0.004115499999999999,21.38015875,197.8450165,0.04280375,796.81182875,0.2021975,708.9648122841407,378.5214160143935,2574.495594468654,0.004636222843004852,0.42104203715565913,17.545086381065403,0.040636301076592836,95.56123339922827,0.009500812925744827,0
102,5,1,4,1928.454134,4465.17246725,33143.5289,0.0018154999999999998,26.2976615,185.4914985,0.00407475,1788.781476,0.18377725,277.9496016552908,508.5536972772137,1696.5121909757352,0.0018270441291879077,5.572504934724263,1.6142249159794104,0.0070576740281412835,283.38809581076134,0.029065806262471034,5,1,4,3493.0650634999997,7114.729004,37147.802735000005,0.0013982500000000002,21.658595,212.7934115,0.10204225,798.32353975,0.18377725,556.142271875235,1384.3865973004451,8380.987294107745,0.0023230323259696584,2.0679762563775976,1.1103107015044296,0.06488416457956055,242.11189497559133,0.029065806262471034,0
104,6,1,4,2025.8744555,4667.959081499999,30293.6935675,0.0,25.087517,176.074535,0.01559775,1678.89466225,0.17720675,253.96476523568438,585.4313238153162,1300.769004429512,0.0,1.524297433154699,3.4418288603461207,0.014356631853868094,156.76893311703708,0.05100802653688437,6,1,4,4453.60400375,7974.140991,49937.507325,0.020988749999999997,21.22468475,207.49229425,0.08214075,761.66426075,0.17720675,352.08545803772074,1004.8084882238455,17371.990839922815,0.036317217427654064,1.7494118222121655,13.050455352697606,0.058185412881473136,77.54194290890399,0.05100802653688437,0
106,7,1,4,1858.233899,4074.0078285,31937.7200525,0.0,24.309541250000002,184.652643,0.01155375,1602.42607125,0.157561,414.33525311729034,620.7006356420247,2088.8777676457826,0.0,2.588633306073726,1.7915084597471187,0.009509825507731464,229.81343849861648,0.030605993457164565,7,1,4,4177.869568,7335.524292,37365.800782499995,0.0013055,20.98472075,204.887516,0.0918205,677.30440525,0.157561,452.59392791573595,407.21980006192234,8758.780717146752,0.001706396275781215,2.2499793656097564,13.997761489790115,0.0567190718079025,230.01217730421058,0.030605993457164565,0
112,8,1,4,1736.50226525,4253.810107,32400.159177499998,0.0,23.54629175,178.49736275,0.0069637499999999995,1583.0398607500001,0.18669049999999998,173.11596491603993,385.9043350293765,749.4485590850763,0.0,2.8540301445789225,3.197360542092821,0.009041485424834792,235.1319632876687,0.012751773455092439,8,1,4,3085.988251,6440.9433595,39587.410155000005,0.00615925,21.11104975,192.57374175,0.039814,664.4575655,0.18669049999999998,1173.827621248374,701.0647931369148,4912.018237477544,0.01056101977497912,0.7357018255575333,37.71233124750516,0.03983898352744457,96.01524332288736,0.012751773455092439,0
116,9,1,4,1802.28510675,4072.6391439999998,32272.7622925,0.0,26.838255750000002,179.35553375,0.015538,1722.5445252499999,0.17897625,126.88867670539412,505.20346667282104,1061.4402851136579,0.0,3.299458183839536,5.614032465195951,0.015681946499079762,292.7196034265303,0.011388676906800897,9,1,4,4222.239013750001,8326.834472499999,46670.636719999995,0.00218775,22.28522275,211.50978075,0.07336475,900.010681,0.17897625,318.8883516212681,715.2340664827466,12868.61514693737,0.001943165506975667,0.7770644178742111,8.467311399079424,0.047137859536549816,190.58986484739114,0.011388676906800897,0
127,10,1,4,3213.747773,5412.927177,32968.924115,0.0281785,24.41181225,184.21480674999998,0.030316,1626.6705837499999,0.19527775,1389.1873288528968,1513.1398975038658,3704.0094493535066,0.048806593681079605,2.892686554407024,1.1546130589460146,0.012371834989200269,180.78836143738533,0.025950079117172252,10,1,4,3831.72644025,6999.47351075,46573.0307625,0.003911,24.6276575,194.32690424999998,0.15452475,1171.9183655,0.19527775,945.9776440673685,1144.8936936298028,19879.07104543871,0.004686237456638321,6.437880249452049,30.72856682370131,0.16983724596415092,697.8928814688363,0.025950079117172252,0
129,11,1,4,1857.945934,4245.2746525,33150.398475,2.9e-05,27.36463725,179.409056,0.0112715,1768.0502065,0.178241,268.0389697599182,302.9741331146989,692.8308039498661,5.022947341949744e-05,1.6294878369295018,3.4033160239182982,0.008418661963162554,111.61294843504487,0.01071781402619023,11,1,4,3562.85437,7436.529663,47639.41211,0.07878125000000001,22.4097345,218.93801125,0.042766,928.274002,0.178241,1043.863456460134,1420.4359588868783,1732.5800544246586,0.10284761183511994,1.9511699185066504,4.380199526873937,0.040489154726914216,251.57922753567215,0.01071781402619023,0
131,12,1,4,1709.40382475,4346.173106,33699.9204325,0.0,22.487635750000003,180.36651325,0.0097925,1574.99361225,0.1849265,185.46809203306617,355.98291460646516,584.6567891374389,0.0,2.9430642554841016,4.4072711959168425,0.0009132889739835902,204.02128670446064,0.021248268476513562,12,1,4,4464.74804675,7381.887085,19062594.635745,0.00137525,20.6123785,213.65973675,0.026572250000000002,699.55230725,0.1849265,315.2050290312947,463.869339932055,32953583.903433044,0.0016310949351585886,1.177589848953893,3.28129508188448,0.036806937405705197,94.8101908234046,0.021248268476513562,0
134,9,2,4,2641.32587075,5177.6772359999995,31808.1565025,0.0016685,25.216879,176.224728,0.015258,1661.7626305,0.2088075,507.90076408910414,847.7290312128833,1507.0407320402005,0.002889926772428672,1.6537759436421557,2.543054623524339,0.021657179225374665,122.78672607313631,0.03309104560526911,9,2,4,3916.54895025,6789.53479,50713.597655,0.13343449999999998,19.99987725,192.95920575,0.03934975,662.81906125,0.2088075,821.7169965407551,1132.7471306912976,20482.550506506395,0.2239796541479828,0.8767614397757728,30.626359114452093,0.06815576626513344,69.45044197359611,0.03309104560526911,1
136,10,2,4,2267.97457425,4481.14575725,33298.1337525,0.06723275,25.916182,184.79990525,0.00491675,1868.88292525,0.193006,218.28502731355977,379.25308349980685,1061.2652288175218,0.11645053893257643,1.1691540766505075,4.63637806873998,0.0037009025503922694,115.00023006213377,0.04031590312767408,10,2,4,3714.59222425,6213.81982425,35417.8930675,0.03621725,19.3417055,185.09400175000002,0.0735345,638.88505575,0.193006,322.4884210910812,152.04141377616264,6030.292780588115,0.05876254025046484,0.32320506570171487,35.05459115565651,0.04446150552163073,18.15429848080147,0.04031590312767408,1
138,10,2,4,2060.7126455,4447.56566725,29719.6661925,0.49416125,22.87378,175.14550475,0.01535675,1496.097793,0.174232,247.60900523787336,302.7232166284958,1875.8005942723985,0.6658742715146663,3.4895731494801763,3.166844343270703,0.01723777745788302,174.61379970615405,0.03027976219358402,10,2,4,4270.16272,6782.25305175,47014.3042,0.00670375,19.91397625,201.51574325,0.1125715,720.45018025,0.174232,417.5374632551994,874.6420479909614,18695.265431725584,0.006807243986188536,0.7627048056497254,5.680807272567003,0.0829941613262644,95.1158706341967,0.03027976219358402,1
139,10,2,4,2388.419157,5083.9636125,32261.685552500003,0.0046245,24.867704500000002,180.16256775,0.0204495,1736.80224525,0.1973685,358.9719315281826,540.6634134323846,1396.276472915809,0.005991317446939362,1.446849769710301,2.6623181782298633,0.009274276912514527,167.276079593985,0.02377948722638905,10,2,4,4273.17620825,6658.24182125,49477.375,0.06452574999999999,20.1694315,170.17986125,0.037957500000000005,672.5031280000001,0.1973685,420.3417336443555,268.25886202596837,4382.870606734938,0.09987063019820941,1.416428864240188,36.501226303228655,0.03909637525717698,191.68607128184516,0.02377948722638905,1
143,11,2,4,1903.57091025,4465.667123,30496.270464999998,0.0,23.12258875,175.04740375,0.0005615,336242.34481425,0.20695225,387.79102721375136,863.0610907895433,1605.3818795846253,0.0,2.7688763611709315,1.7206356988805573,0.0009725465284499247,579543.4484613653,0.01259589171863191,11,2,4,7640.729493,8403.15612725,48051.793945,0.07434974999999999,20.34659425,185.31433475,0.1006565,577.12929525,0.20695225,2351.867132246306,1619.909470896832,10056.333666859997,0.0714624425218415,1.889893537134484,40.99386833882487,0.049088722398836174,46.663441270894836,0.01259589171863191,1
148,12,2,4,2653.63803575,5323.7941307500005,35699.7129225,0.06969875,6891.78580125,178.366103,0.0033025,1640.05768675,0.196522,330.1274855867683,608.5067939449305,5785.785946955423,0.11769310793197492,11896.42597406757,3.880573757355794,0.005720097791996217,120.83872867557503,0.021883717999919484,12,2,4,5169.48803725,7448.512207,56429.9980475,0.011965,18.41710625,185.86884700000002,0.045191999999999996,545.87181075,0.196522,642.0093359309498,1311.6119996300552,18895.523662434935,0.01014261149803146,0.511415224065716,16.817098787384243,0.028077970840144413,53.33859231975134,0.021883717999919484,1
149,12,2,4,2795.99536675,5601.36896725,33862.8381275,0.00033425,24.03911575,176.73376224999998,0.00338125,1561.928215,0.2221785,560.0272445009049,705.1385901866315,1879.5367322634577,0.0005789379824298973,2.21827197145733,8.214390818360801,0.0037226811154730944,243.93886954741498,0.03687373717498675,12,2,4,6010.8068845,7514.33288575,50407.521485000005,0.09006625,20.318515750000003,195.901413,0.02057725,760.43219,0.2221785,1195.3060653822788,1050.419907692444,9054.936590251742,0.1446213590455694,1.8299116970263036,9.400285105165823,0.035640842480046675,221.64107947977436,0.03687373717498675,1
153,13,2,4,1867.1296515,4292.45717725,32580.102295,0.0001705,26.223153,175.21444424999999,0.00725925,1679.20607525,0.19231325,267.613178803674,337.03511349402316,1922.3157622505316,0.0002953146626904936,2.458685595705457,3.4246655350748827,0.00948449944317042,158.87851994194577,0.032322539793269656,13,2,4,4021.41223125,5292.7091065,36742.9682625,0.035065,18.1411245,184.46344025,0.01265325,577.38527675,0.19231325,1473.4585440240435,1015.4962372371062,6801.9632849028085,0.03774648767104034,1.6168655653786597,18.9351162970029,0.011518514517397632,146.10875692084696,0.032322539793269656,1
157,14,2,4,2135.62727725,4874.51920475,30448.7793875,0.036144,23.944468,173.65633275,0.01378475,1524.02533325,0.19580525,686.4432815732216,1249.2697940981457,1980.3141296432118,0.0626032443887695,1.2063493909599736,2.7928759560661987,0.009950364600731976,131.0241800429357,0.032232653446272456,14,2,4,3888.597168,5506.3008425,39554.100585,1.89910925,18.36532025,159.3392945,0.046588500000000005,560.4769895000001,0.19580525,1225.6103081307672,1689.8603650670523,13454.438614058181,2.885940564924491,0.5634196885548001,4.2162386528577,0.028067899658684833,40.22423008044278,0.032232653446272456,1
161,15,2,4,1801.84888375,3793.46206225,32260.689025000003,0.0764815,24.40174075,180.76999325,0.0055190000000000005,1597.800556,0.17574575,231.9804022354125,338.08629812116317,3332.9056708035378,0.11055342760290157,0.8757258265137489,3.956776386579959,0.004046648366240882,184.99608033538163,0.01137007601942485,15,2,4,4726.41540525,7356.72839375,61549.052735,0.39233474999999995,19.8906155,192.622509,0.08065475,672.2107922499999,0.17574575,685.9396689679708,763.5845181571541,16819.404632130914,0.650640355196469,1.930395776415097,12.97913886204136,0.06636792484843489,193.03472835341455,0.01137007601942485,1
165,16,2,4,2737.77205475,5779.902361,33743.805765,0.14204825000000001,27.7778855,181.533303,0.0071055,1869.09495975,0.200594,501.70981708349774,1091.3372947618834,1816.9860082440678,0.24267591915801515,3.880136753072082,1.8775317865907148,0.005273652837455268,248.9255355530291,0.027650218525357092,16,2,4,4441.943908499999,7083.288574,42218.1674825,0.010663,19.590392,203.4139365,0.016197,688.06575,0.200594,397.01427617332945,684.931753337693,16202.256144803741,0.014631387784485793,0.870760784943546,10.618067001935254,0.028054026930193102,76.36862732759386,0.027650218525357092,1
166,16,2,4,2096.4097337499998,4761.00486525,31400.43129,0.0009469999999999999,23.718576249999998,176.73852925,0.00654575,1533.40336575,0.18246025,316.83223888138815,361.1676137314297,867.422055350755,0.0016373666357905306,2.5539951067056075,3.2472764438004393,0.00611710725649796,203.89594870102033,0.01604111134515,16,2,4,4117.87786875,7386.776001,56797.6611325,0.23848774999999997,19.95690675,199.07640450000002,0.02381575,728.08789075,0.18246025,1318.5751234375216,1824.865372318337,13896.651902369736,0.32135558391396823,0.9364972105885767,12.234323220255721,0.03531939981352316,90.85947508998649,0.01604111134515,1
170,17,2,4,3626.97180375,4877.29862925,35493.43281,5.249327,26.3950335,190.792664,4.01318175,1752.44416225,0.2388275,937.859228959219,499.6752804835421,5046.7361085510065,6.98684575838536,3.338544015370659,10.802510570459464,6.920602886892817,143.68302557445818,0.04744256586916437,17,2,4,4663.5786135,7891.9748535,44509.79004,0.08329275,24.746252,178.05996725,0.095378,1075.827751,0.2388275,201.1949189552488,1229.0531410621466,8730.56488253941,0.09025991535940803,7.845450167621805,25.906279541097216,0.1111964606338709,644.5852219973632,0.04744256586916437,1
174,18,2,4,2466.19720025,4849.3694052499995,30994.197845000002,0.00044975,23.9363455,171.4418555,0.01475025,1603.975875,0.18567899999999998,341.76607615123595,788.4232059330348,2170.158182232751,0.0007789898507041027,0.8487829196624717,3.1959726554422,0.018365565065837204,28.19294773738183,0.04454680072126393,18,2,4,4809.8319092500005,6907.15307625,52013.968747499996,0.051791250000000004,20.78562825,178.70576475000001,0.042693999999999996,828.4644775,0.18567899999999998,459.4842868368371,476.2010952172877,15746.643461791955,0.03833204962805276,1.0954868075600859,2.3152445704140403,0.027911196794476588,163.01338312411852,0.04454680072126393,1
176,19,2,4,2323.39591775,4556.653571999999,8176961.9466625,0.9863010000000001,24.46302325,175.2052305,0.022310000000000003,1536.7813245,0.16962625,435.0083455755697,821.0509707823131,14117297.157127507,1.1083207989219548,2.0371837441986393,2.9287386250808183,0.016342030060552452,221.59804023291377,0.032807654643200276,19,2,4,4492.5340575,6817.742676,52652.81592,0.00223675,20.866441000000002,196.22419000000002,0.09788475,863.1339417500001,0.16962625,467.70093153916145,846.8332075898812,22815.988378261372,0.003190990706269763,0.8362148646254136,16.54659757238797,0.05160208375819237,119.62213611038877,0.032807654643200276,1
177,19,2,4,3008.6669625,5614.02276325,32863.5617125,0.03020675,27.058676,188.71544675,0.0195385,1821.8140329999999,0.19170075,584.9935493165644,713.4388748872793,1778.1392077350329,0.05220594967709619,0.8388899014426741,4.6519176056523985,0.019140823499787046,138.43646048098256,0.026042891279339543,19,2,4,4668.38287375,8070.97680675,50937.103025000004,0.037947,23.3664885,195.66204075,0.07882425,907.6548614999999,0.19170075,671.6556430890889,1688.3107713980614,15707.16279994618,0.028431685625372266,6.736166465908652,35.055802115577094,0.1338489596268402,450.11832885570004,0.026042891279339543,1
181,20,2,4,1897.50051975,4085.4220705000002,31454.6993775,0.1874305,24.62732975,178.56303425,0.005711,1657.22055875,0.18881325000000002,252.77368631301601,370.75010096407993,3287.513245254018,0.1875584059333252,1.3672285441811434,4.120944629573374,0.008136002304571944,66.8653093509233,0.013736203248623688,20,2,4,4154.4523925,7859.855713,50752.6152325,0.0201285,23.492724250000002,210.72369375,0.06145125,1125.9481047499999,0.18881325000000002,551.5291180097648,1242.952568584871,17516.010699969465,0.03217191485208799,5.216519340704316,15.656133882232453,0.03793499895462631,701.2461786943182,0.013736203248623688,1
182,20,2,4,2276.8410675,4488.3002825,33040.1398175,0.0033515,27.396027750000002,178.52917125,0.0094645,1766.12682275,0.21888875,219.88775895812995,466.472895679868,5545.894876651197,0.00579804214800134,2.395703937550337,3.101074218149454,0.006108284558695673,101.79364901723066,0.017210666276687245,20,2,4,3990.19311525,6377.33850075,39088.024415,0.06011525,20.762033,211.30014425000002,0.101627,833.0960084999999,0.21888875,283.5416789409195,154.04793020242045,6413.171927115438,0.08500017046857906,1.4713356116037901,10.93161057624866,0.06460328134855071,142.9451327484581,0.017210666276687245,1
186,21,2,4,1604.22752175,4045.67478325,31270.8466325,0.0,20.185907999999998,174.274175,0.0428395,1304.28327875,0.17745925,196.35430469348884,482.15078834696175,4656.845920488552,0.0,1.7304736507504241,4.257557921570172,0.014662048791011437,121.77580506623717,0.022676901379763064,21,2,4,4401.609619,7088.19726575,41083.20166,0.00394925,20.32683325,192.12647225,0.021737,724.84478,0.17745925,687.7970997401192,311.24189651733235,9616.742418664857,0.004819001783305335,1.40158217035131,31.239424551285317,0.023394355077667774,176.12324067984588,0.022676901379763064,1
187,21,2,4,2642.0011955,5363.58343325,30223.134695,0.004569,25.345411,178.652698,0.0037400000000000003,1678.91117925,0.19303874999999998,736.6401101814076,1385.9429482218725,3222.8294687652483,0.005707763703938698,1.742167052227054,4.137488647180311,0.0027418567613936365,190.4984208859048,0.021096295804891908,21,2,4,3945.6444702500003,7280.00866675,56826.16699500001,0.01489125,20.90902225,183.3431055,0.035727499999999995,761.719742,0.19303874999999998,645.5574126879314,1422.2796399028502,21777.879274172872,0.014718740458595636,0.6983682096295527,24.185373105506166,0.037637322649864455,77.67733764497777,0.021096295804891908,1
188,21,2,4,2678.02037175,5554.51014725,32017.798645,0.021233250000000002,23.59568675,177.89028125,0.0189965,1566.3829785,0.22401074999999998,343.96365532213474,626.227944755938,1559.3859484776367,0.021247712622480094,1.3255908684834417,2.4487451861092366,0.01699790837868001,147.04028645087044,0.013542103499364497,21,2,4,4730.10418675,6658.73657225,36304.359375,0.015035,21.34531225,204.741272,0.10563225,861.29838575,0.22401074999999998,815.9778842871241,259.90313532252463,1391.5811382143147,0.025331097597617043,0.8510618552339122,6.115553847351889,0.06984257421650136,75.20093365116325,0.013542103499364497,1
192,22,2,4,2446.976001,4565.696151,31388.8247825,0.0071455,26.14522225,175.49979050000002,0.00516625,1652.1125135,0.2101815,266.42842630366596,315.2494413217564,965.8029100144971,0.012376369045483412,1.6082622536911353,3.66785128172896,0.0071579089256220635,75.60505128761997,0.016842553465849532,22,2,4,4355.64874275,7079.0322264999995,45874.125975,0.02294125,20.566872500000002,209.337723,0.081636,765.79476925,0.2101815,509.60025913234443,497.3019144849591,8284.756094801412,0.024972111318178523,0.7863073268304519,8.112649747513656,0.05032507758066549,37.23128311850098,0.016842553465849532,1
196,23,2,4,1873.5352577499998,4083.9486605,30488.1074,0.02163525,25.0625215,179.3463145,0.01139325,1666.2916025,0.16593575,122.74284730275852,309.19700386895374,1806.4216392395344,0.03747335223445456,2.281215539299443,5.731074024825954,0.00856643021844572,156.280876064601,0.009388876540220352,23,2,4,4674.346191250001,7555.12121575,52293.3701175,0.339685,19.365530749999998,197.486614,0.0120885,705.74338525,0.16593575,400.5851134242571,1259.2356632882636,15412.577751246801,0.3670300427839661,1.824643429840935,10.157409623217903,0.020937896187296374,213.49060703801123,0.009388876540220352,1
197,23,2,4,2271.785925,4890.9519605000005,32894.0324825,0.1828025,23.843014,177.95105675000002,0.011810000000000001,1625.34613325,0.19818550000000001,177.7040747788644,480.3836919079556,1814.8700281038357,0.3149822217947388,1.2934319028335037,1.5549980668064225,0.009444230063906746,126.83786470760859,0.018456558868055542,23,2,4,4383.0469969999995,7262.536621,72242.09961,0.16299424999999998,20.22493875,174.76374075,0.00562925,734.58766175,0.19818550000000001,920.0781759362677,1419.5573425175646,22793.01138118634,0.22757252821174945,0.4874726047781425,29.55892616344178,0.009750147008507102,114.40513509339266,0.018456558868055542,1
198,23,2,4,2223.83546325,4526.544573,30558.9559425,0.253985,24.03243775,177.1673405,0.00893275,1661.93008375,0.182049,394.89582257217535,791.6931458135896,3203.0293591525183,0.42942143653234177,2.6654263582464983,2.5420218822577447,0.009503263317802995,209.44066318080726,0.01436333319602383,23,2,4,5104.831909,7210.1499025,47197.80176,0.0555025,20.61235325,194.06193175,0.05304225,819.8355255,0.182049,853.8377303715976,1522.7665568965856,18311.588357362893,0.09533585575348867,0.30284393899694867,29.165960697846355,0.03199266614690779,18.114322520248848,0.01436333319602383,1
202,24,2,4,1835.70402475,4024.81229575,29691.6752575,7.75e-05,23.97544225,175.5638505,0.0136185,1517.389411,0.21237,219.2949261782382,283.5639388069808,1984.941585873733,0.000134233937586588,2.679457673947506,1.2818781215274573,0.009426009455225473,111.26055973690487,0.01210565809859175,24,2,4,7226.5761725,7469.157715,39248.6835925,34.3734465,21.362969,214.57074325,0.059327,809.127182,0.21237,3426.4203265286933,649.5181288482397,6155.1091496359,59.4287028627168,1.2310048461224679,5.418226663935878,0.02532238246097709,105.12931543263478,0.01210565809859175,1
203,24,2,4,2272.7581615,4818.062528500001,33535.271682499995,0.029954500000000002,26.002679,179.058513,0.00574925,1799.19666875,0.17665475,327.5390214522082,381.791771314766,702.3680561287124,0.042224721872973894,3.957313918374748,3.401851159783163,0.006800257472147654,204.7177572488168,0.02213530741118135,24,2,4,4859.040527249999,6684.056274250001,40190.24707,0.001689,21.00441275,197.65511725,0.06501475,807.1217955,0.17665475,1349.9447555487359,616.1894069058509,5915.218056475189,0.0013722656448370337,0.5680581564203497,22.81372808749736,0.07111842737777249,89.25957078046869,0.02213530741118135,1
207,25,2,4,2246.709135,4626.521769749999,32677.9678075,0.21698475,23.737502499999998,179.433738,0.00315775,1544.4075252500002,0.20533175,115.51942034947089,206.49412679619851,1494.8108710807091,0.36545754800617747,2.6210634535177237,4.1706053473127245,0.0038587823451835166,126.5261470357896,0.030388436636120324,25,2,4,4883.9067995000005,6797.05102575,40189.220702499995,0.0348575,22.3929515,204.06818375,0.059705999999999995,900.8551942500001,0.20533175,881.3960919315534,838.4722715463389,4895.54830647092,0.04869596630368885,1.3073183419057688,8.125490527798293,0.034766371043006485,75.43601194379212,0.030388436636120324,1
208,25,2,4,2951.399902,5519.48310775,32590.0265275,0.000283,26.008266499999998,188.0693265,0.021575749999999998,1875.394681,0.19356025,591.2479804790587,400.7903091526929,849.2689331307654,0.0003745577392071881,1.191385314029953,3.632836691934179,0.009185130139932692,112.36100213645037,0.01742274252772795,25,2,4,4525.51239,6738.33386225,36660.4370125,0.01324125,22.14936775,201.89719775,0.07753125000000001,960.500183,0.19356025,360.32818388915246,737.3215595326601,8160.628964577999,0.021461683966723114,1.4982442657079265,11.86498874780608,0.056852367146738046,184.6833918555068,0.01742274252772795,1
213,26,2,4,2361.186261,4479.8575197499995,29730.4921675,0.00763275,25.234334,174.78366775,0.016182000000000002,1473.095593,0.20254575,591.8030653892796,676.3297381764716,1907.3799736486774,0.012810831264500364,2.8837678690107853,3.1534652924942304,0.012692556736134765,217.11732837253203,0.021697281158880255,26,2,4,4883.9202270000005,6406.44262675,37480.9311525,0.005721499999999999,23.69225425,200.315136,0.042138499999999995,1078.141678,0.20254575,505.28143689020453,444.42530713992073,3591.815481003248,0.007278455553893284,2.847557120788482,11.585058763799001,0.042204909510032126,251.31639344217436,0.021697281158880255,1
214,26,2,4,2844.061974,4725.6636185,29386.0010075,0.0233625,24.04324225,177.92826625,0.017156,1632.0486345,0.15404625,1123.8661766478833,1271.9510279780725,2723.8762835765374,0.040465036991827893,1.8949468617690015,5.08417146985998,0.02136082895161141,141.8130770178735,0.04385741211799323,26,2,4,5130.17065425,7442.5672605,51617.757325,0.06994449999999999,19.45849175,181.0239105,0.06639199999999999,646.052765,0.15404625,1108.6968247920029,1537.0454643181015,18459.20852399728,0.09082103554931534,1.6234837485982703,28.627604302099783,0.038355653514182235,178.15804330192225,0.04385741211799323,1
218,27,2,4,1839.6533605,4646.8096825,33107.710732499996,6.25e-06,22.5256045,173.43126875000002,0.00424625,1517.610621,0.173157,375.44409548244846,1126.6340435603609,2147.58073549252,1.0825317547305483e-05,1.4580678998576342,4.468658712411111,0.005616764120692625,105.19035931741526,0.013818223167252735,27,2,4,5291.9853514999995,6688.89282225,39330.1230475,0.14552125,20.503286000000003,195.0794485,0.08237749999999999,771.7151795,0.173157,1548.20894502698,1236.1744337967523,7359.981278377893,0.19629164226779372,0.384820895222049,9.483784406371473,0.06169687067226343,24.89445638043541,0.013818223167252735,1
219,27,2,4,2325.9120715,4864.57947625,31255.1411175,0.007844,26.97592475,178.4864135,0.012080249999999999,1805.9205695,0.20816825,550.995026705497,1129.29418612764,2017.9109923130395,0.01133354386324066,2.6612309456144887,3.7077895029656553,0.006003505908009086,202.822008467555,0.023478143584779024,27,2,4,4421.2003175,6653.6832275,45140.3608425,0.131208,20.23683075,202.47683325,0.08673,751.9795075,0.20816825,593.1069727115968,765.7832728405089,14656.809388813259,0.22256525063113514,1.7844391594250792,7.843420428903278,0.009515828576640082,196.56890327066293,0.023478143584779024,1
223,28,2,4,2591.5079299999998,5336.94219525,30582.5729425,0.0021609999999999997,24.79291875,173.108677,0.00768375,1614.88610375,0.17949025,494.8120695630099,944.1311997783504,1568.961477507103,0.002683080598863925,1.1177928011088132,4.104262475814745,0.004961308314094176,165.62195123983614,0.0328670812620698,28,2,4,4733.5209350000005,7021.740723,37174.081542500004,0.04515175,20.826464,194.8881685,0.08237649999999999,828.16838075,0.17949025,1000.6963327150377,946.6872845320275,4924.08392448438,0.06364456123415024,2.8967187531582175,14.160482533130523,0.05535231495836466,319.7341096988613,0.0328670812620698,1
228,29,2,4,2070.9489625,4194.509977,31094.3897775,0.0070115,23.959824,178.993811,0.00252225,1708.8257995,0.1785605,420.7326245793606,709.6569167305377,3472.725270021573,0.012144274237269184,1.4009644686987965,5.090136300628744,0.0014570570295976749,222.62619653612137,0.008388041651661016,29,2,4,5418.209839,7893.20410175,10208729.5087875,0.10893125000000001,20.199244999999998,197.107212,0.03706425,750.5520325,0.1785605,1106.1790654332742,1389.2712060177334,17599309.215104546,0.09265901235545035,1.7544462114784265,7.022910958785928,0.03284550134626506,175.75337329360406,0.008388041651661016,1
229,29,2,4,2782.90298425,4820.9196597499995,34704.7638675,0.00751525,24.9822235,182.60571775,0.001606,1615.318878,0.2419125,506.4641982352939,462.564614878676,6866.471450116231,0.013016794831582005,0.9163062810814122,3.547398122007975,0.002781673596955617,39.343894147217746,0.029090388777910828,29,2,4,3820.50018325,6938.7421875,42391.335934999996,0.2527375,20.878460750000002,187.95240775000002,0.07353525,803.468826,0.2419125,581.6268326290766,1089.715552339722,5659.0752574999715,0.41492526670383667,1.4552810272425696,19.16930532654828,0.07620089323418394,226.09541989324939,0.029090388777910828,1
230,29,2,4,2570.27002325,4333.1473415,28626.368035,0.0,23.2601315,177.85891875,0.02046725,1543.55368875,0.22758275,273.286716922102,377.5766884126627,4122.046838168732,0.0,1.4643965575482794,6.169818929956665,0.02150994687784003,211.9361928115168,0.024056151597616354,29,2,4,4100.42541475,6944.0821535,56047.827150000005,0.015539500000000001,20.5525485,203.3651045,0.129855,839.0234222500001,0.22758275,221.63660733927807,830.1988971324133,16117.624545860526,0.012121679473158826,1.1904487985450074,10.988944838481816,0.07938048974401707,152.16072480957175,0.024056151597616354,1
234,30,2,4,1928.4722195,4086.2688190000003,31752.86163,0.0,22.25189,169.5267445,0.00997425,1409.4984104999999,0.16900925,247.05100370060907,530.9853305659153,3653.8447605471024,0.0,0.9563546266997408,2.1299765360694134,0.011061156457961347,175.14238261107332,0.04221584945476639,30,2,4,4210.820373500001,6904.18859875,45201.5888675,0.0690615,19.9433785,197.939476,0.14838775,744.1268922500001,0.16900925,269.97619479497865,1419.292284434611,19716.365254899156,0.1184529051448296,0.7232552844001564,7.02950544759775,0.09029896155652899,114.89778930417772,0.04221584945476639,1
235,30,2,4,2756.79251225,4443.68123025,32924.1894025,0.16985275,22.2614175,180.38589575,0.016934499999999998,1394.01814825,0.15104175,1042.4758686686328,1363.3844935931036,8682.7282422081,0.27511204122082245,0.9922771678169114,9.71777871975502,0.009950613209747428,97.5130369485659,0.04113943916350221,30,2,4,4812.84143075,6678.197876,14282469.49219,0.11158075,20.04861975,200.22928625,0.08527699999999999,754.575943,0.15104175,1027.7428227496976,429.1830889647657,24651216.844039086,0.11821898115441319,1.2170576718390078,8.049003805734728,0.007260096521396945,148.2612981820177,0.04113943916350221,1
236,30,2,4,2224.2277545,3856.4094695000003,29874.535294999998,3.7617209999999996,26.05287175,182.2787105,0.0,1738.793172,0.19217025,151.43080041744903,665.4323362747919,8548.61821249539,2.124552784546315,1.5146835003320622,2.667589219033408,0.0,171.12869838400195,0.03842828085782007,30,2,4,3777.2203369999997,6665.9364015,58733.71777249999,0.054158,19.987742,195.3586275,0.061405,716.25109875,0.19217025,408.46320324487886,782.7245759765545,20657.329843342675,0.05422530167735353,0.9923286070181078,12.974636818584765,0.03546707049503806,109.65614589410876,0.03842828085782007,1
240,31,2,4,2118.097797,4582.95843575,34314.96768,0.00593,21.55016225,179.83185425,0.00651125,1531.7754372499999,0.194618,164.1620998430108,265.4522531256803,2189.5132264952636,0.010271061288883443,2.467202368294945,1.890022188281853,0.006672425922218995,190.7168499085518,0.02758193001767642,31,2,4,4385.10632325,6349.19519025,36184.243165,0.0026325,21.2999875,195.142044,0.0623735,899.45872475,0.194618,594.4866927804746,664.8366569503645,7122.234262527089,0.0029435510442321192,1.8109083052869492,14.904624447791251,0.06800995974304058,199.00889310756938,0.02758193001767642,1
241,31,2,4,2073.1451425,4275.085435,30319.301907499997,1.25626125,26.14206325,182.31987325,0.0077935,1758.61977125,0.18327325,244.41713814881115,593.9622669936076,4738.2908909957605,2.1580977130202394,1.9295091896694065,3.1158658916667434,0.012286634476128929,99.35667886166708,0.01826433230883352,31,2,4,4004.86907975,6497.58215325,42632.055665,0.06930775,19.32402475,193.55496599999998,0.029664750000000004,693.1823577499999,0.18327325,686.097668970498,810.272996040073,1793.7321635061187,0.10926121327665869,1.3493893038847944,5.605128163912173,0.03944098190572213,121.82860014117456,0.01826433230883352,1
242,31,2,4,2040.7515345,4133.13590175,31956.269685,0.025446,22.189712749999998,179.373308,0.0112245,1474.7699225000001,0.178395,233.1372380488277,209.77842718123995,3694.5604855600923,0.04407376484939765,2.1823221363232985,2.617503176398651,0.011852557877943478,120.5219441640411,0.016706891706717925,31,2,4,4683.8914795,6608.91967775,9883500.7695325,0.039305,20.51641575,188.90159425,0.00657675,731.29361725,0.178395,798.1218084706031,812.3139551355869,17049659.575876024,0.046443581036565214,1.232726526427572,37.51936870497794,0.00707321438155949,155.50758340049532,0.016706891706717925,1
246,32,2,4,2419.56123725,4819.8888879999995,31028.9582375,0.0843535,24.45792525,178.71703825,0.0005385,1792.5321222500002,0.23746475,223.18877381230192,240.0809528064138,2024.7667218122806,0.11364952070400473,2.1445668402205804,2.4340413764879196,0.0009327093598758405,208.71147916959092,0.037359501544955064,32,2,4,4109.39105225,6984.3292235,8926562.8496075,0.00358975,18.32132525,183.18095399999999,0.08280775,511.84181975,0.23746475,855.8955467024092,1564.481089951442,15368969.331879439,0.0033490648974751147,0.41427851005596206,25.296268238923496,0.05998677708201618,26.442172537718,0.037359501544955064,1
247,32,2,4,2103.0755565,4897.871909,31774.637922500002,0.0022135,24.4282465,175.6479925,0.00809925,1619.85631175,0.24392350000000002,210.1540186267912,435.5940588473391,1643.7103077358918,0.00383389446255371,1.2914418697913792,6.664515534876988,0.010463824142611535,112.95588182081899,0.03578560334478097,32,2,4,4320.2819825,7002.8046875,32013.7685525,0.13159875000000001,19.56914,199.91790375,0.070688,623.0944365,0.24392350000000002,621.2388527079158,785.5883998024099,3624.5563046260245,0.13166538418919188,0.8193729605698504,8.640336551872885,0.04238164330815879,117.5924593342987,0.03578560334478097,1
253,33,2,4,2506.549373,4483.8649377500005,29522.2921225,1.2620035,26.156391499999998,183.30777475,0.0109435,1756.1909867499999,0.17131725,259.32633549727313,419.2039111446542,7069.687943419322,1.1724638004532377,2.9390270269633025,2.288223750597548,0.009080860490614311,195.2401715984416,0.02211711701799084,33,2,4,5080.70300275,7253.20092775,50286.098635,0.048771,22.04513275,201.0911255,0.105936,874.2446745,0.17131725,1088.8414055780713,777.7628013809828,9415.573736453867,0.045425832749659084,1.0881141666560943,11.993659794131036,0.10920708181249053,100.34038148281404,0.02211711701799084,1
254,33,2,4,2398.0557025,5037.6373137499995,31402.07677,0.13458075,26.1381345,183.499562,0.012223250000000001,1769.16276775,0.17909425,252.51806316306138,761.0795531326088,4975.387999005007,0.23258586572637535,0.4705230604622378,6.936367863181096,0.014016281450067274,58.80471474471174,0.030139350842171436,33,2,4,4676.5796505,6789.78430175,37309.231935,0.11516225,20.37697225,202.51426325,0.05286225,747.646576,0.17909425,529.4668683203245,755.2245401903808,4531.473706529883,0.136314433669687,0.6195208061439006,5.829579221958971,0.04892487105948773,116.0701564688448,0.030139350842171436,1
261,34,2,4,2317.6225022500003,4701.6286685000005,30149.0052575,0.19409625,24.63336625,176.14497675,0.0068755,1619.2266555,0.2145455,193.23109610530523,471.3337152591579,2392.0566223356705,0.310381903433798,3.3802495266645165,5.0270763620529095,0.004298979908071216,212.56975497681833,0.02619274981268671,34,2,4,3586.852234,6617.4912110000005,42183.373047500005,0.0186055,20.645691,197.71690775,0.04925625,683.1385955,0.2145455,749.4889017132125,288.2411743445834,5141.82486086375,0.02901562608750671,1.103412440858132,17.882479316003824,0.032451218308216095,116.11989304785071,0.02619274981268671,1
268,35,2,4,1787.9623385,4217.995511499999,30318.9145075,0.009567,22.84947575,180.541068,0.00576575,1540.4011042500001,0.20578950000000001,111.78550759264675,108.88614780043525,1147.1468925611562,0.0165578308059963,1.1896854422363865,1.6501470967978924,0.006725453827623829,118.14631920685314,0.034012333751890646,35,2,4,4170.57141125,7530.0793459999995,10602342.46582,0.01196275,21.808944,206.9220125,0.05980075,953.0805512500001,0.20578950000000001,303.70214126981716,1126.416457023966,18254829.4611004,0.017520145652576636,1.787372691524908,2.665918962590428,0.041340838606485714,202.63017571857822,0.034012333751890646,1
269,35,2,4,2270.29702725,4691.02364225,31704.0546125,0.07879575,22.070670749999998,179.8225545,0.015605749999999998,1400.43112925,0.18557225,381.0147804018267,426.4058449569126,1010.8040814407648,0.13589759049809344,2.056569676026972,4.526760955448303,0.007440096685359673,99.39709773992908,0.035665969139888794,35,2,4,4331.71844475,5920.4368895,36652.831545,0.16831074999999998,18.5754585,193.3108635,0.11851175,573.27024825,0.18557225,1091.5427951430847,918.5242262464353,11152.691820843069,0.25172431703788073,1.078933910169084,12.675675695316473,0.027340273081801873,80.61646347954878,0.035665969139888794,1
273,36,2,4,1923.7391722500001,4264.0020095,9686934.9112875,0.07037375,26.592411249999998,179.20277725,0.013901499999999999,1793.135381,0.18367125,205.3491419599836,191.17247953413153,16722974.99323588,0.07037376816106625,1.757474851559813,1.3519869730427083,0.012420774301548193,11.5207404066059,0.026734099193492566,36,2,4,4462.66192625,6835.3436280000005,41544.208495,0.11875225,20.637268249999998,197.684929,0.088643,770.37006375,0.18367125,394.2153074981618,893.1507080506304,8944.244964168309,0.20347699079303166,2.057451083075412,14.249809088944538,0.06647124947298644,187.68013367799014,0.026734099193492566,1
274,36,2,4,2397.8550585000003,4987.13255975,37500.4505,0.44110575,25.123168999999997,179.46383875,0.008460500000000001,1710.8109085,0.15737700000000002,244.21808475341888,586.508412192722,3736.2585011297533,0.7330959697571577,2.1507254145769057,2.7373042970600103,0.005746336941913519,153.40143378358493,0.03160506877859943,36,2,4,5009.52416975,7101.416504,44576.7070325,0.025611250000000002,21.163339,191.8652345,0.07247825,857.831772,0.15737700000000002,441.9090856614258,589.1104753014738,6306.896614347651,0.028497534800180524,1.2140731305438317,36.05809273303187,0.026675759898970072,215.78465689426207,0.03160506877859943,1
280,37,2,4,2176.41050425,5010.8083655,31654.28808,8.725e-05,25.54851925,179.9401205,0.0162005,1722.8769415,0.2177375,161.6614841033532,343.92224367022817,1130.8009187135056,0.00015112143296038455,0.9810006460735308,2.819016665208495,0.016510606901322555,92.36591425392275,0.02167010537007147,37,2,4,4538.492126249999,6549.5478514999995,43329.894045,0.01391575,19.86971675,200.98725124999999,0.06919550000000001,187584.0959015,0.2177375,823.7084220947593,1560.3736660474397,10701.575047194472,0.013434936869501844,1.4977365236496658,15.283836736581051,0.07873231980737008,323708.1683951174,0.02167010537007147,1
281,37,2,4,2891.05151875,5471.76226125,33123.413925,0.01789825,26.5730745,174.9326105,0.014260499999999999,1753.673941,0.222177,299.14951711407286,348.28289830072697,421.1816572656363,0.030909524328069173,3.3378120893488386,2.6622511665424655,0.0077902625597601,224.9441806420735,0.015017434734334619,37,2,4,4409.60302725,6600.744995,43031.507325,0.22255675,20.311313,190.844841,0.081713,714.606552,0.222177,196.35424835252851,1053.9637174174113,16058.055672768256,0.3405460898170576,2.1044463586264195,20.71820566086409,0.044614689279429035,138.01703735458685,0.015017434734334619,1
287,13,1,4,2374.09064975,5129.3490535,35247.986065,0.39679575,24.72330475,185.5106115,0.02083,1678.766586,0.16796325,222.1367241873863,336.36595469752694,3007.092605515082,0.686955202144352,1.1166277244895397,2.6638409639265785,0.005185707521640611,77.02656833892776,0.03297550833857607,13,1,4,4168.18536375,7887.915649500001,42075.012695,0.07425525,24.438675,183.8645,0.08981775,990.0156784999999,0.16796325,173.99293213336443,993.6120359296806,7728.154147307952,0.12376386044474977,6.251881033179253,37.39826439782686,0.05510311400626556,466.16502088908885,0.03297550833857607,0
289,14,1,4,2620.00445225,5255.3633675,32031.8806175,0.045262,25.1967235,183.583933,0.01575425,1791.3345570000001,0.18513174999999998,473.8971382225724,893.1763268943023,1941.5074799508047,0.05739079668814504,1.2885933899342523,1.489398198230245,0.009000895521418967,156.7371227539157,0.03195520123058999,14,1,4,3943.460449,7064.55236925,37709.4467775,0.0035937499999999997,24.56722525,201.3405725,0.073617,1127.7912905,0.18513174999999998,587.5313257983343,2168.896487713894,7906.74671578415,0.0018506113010300137,7.686534960535188,9.320937247547324,0.04855793803797686,665.3674061230956,0.03195520123058999,0
293,15,1,4,1961.8022604999999,4496.0829,32748.6483775,0.1798225,26.85321425,175.29498175,0.016903,1671.5068835,0.18607725,103.14790162137189,187.57540831132184,1095.2900484405752,0.23723078275015239,3.909598520429007,1.0315871707321618,0.010809691600596198,218.5552290114474,0.009865869180538528,15,1,4,3986.026184,8011.72131325,50400.4887675,0.0168905,22.0174895,189.17653625,0.075049,680.14451575,0.18607725,503.62155571444885,1229.378395605626,16638.51896230693,0.02339518468082695,5.5040598987243285,20.86811441105678,0.09137250380174552,220.0740942951797,0.009865869180538528,0
295,16,1,4,1894.55217175,4395.0975527499995,31740.847277499997,0.0630715,21.810894,177.38039725,0.0072257499999999995,1481.3645685,0.17592475000000002,90.78365847458429,487.1663744910549,1300.798254645272,0.09031664617749045,1.4245272589097762,2.715538669824042,0.011195438097167078,44.93763696982357,0.017976822318961146,16,1,4,3870.83941625,6819.399170000001,46635.63916,0.00656175,25.229736000000003,196.08050175,0.06386175,1168.9767607499998,0.17592475000000002,1217.4762926902781,927.6619827990188,13282.129557109849,0.0058825501432202,8.597171269230044,11.879512281211824,0.03765330223483061,669.862087770889,0.017976822318961146,0
297,17,1,4,2007.6696405,4206.33036925,33218.020925,0.00053175,26.176616,180.633432,0.015786,1664.48126625,0.17215575,410.8032255580218,516.3648849444046,3800.691045202759,0.0006251709266272704,2.858728493006725,5.5851785202058295,0.008445469436330937,132.2761706890245,0.03255606896858864,17,1,4,4326.6690675,8677.1190195,44927.984375,0.0004675,24.95656225,215.65248100000002,0.05987025,1091.397339,0.17215575,573.4622404477172,1329.1149447789023,4502.180207648403,0.000383877910278776,5.00212384333132,7.172811045110178,0.03551191982542622,320.307735347725,0.03255606896858864,0
305,18,1,4,2154.9412265,3867.67290025,30169.851642499998,0.020758,24.5848805,181.27848125,0.01008775,1615.0247725,0.16619725,568.4605789732033,185.07630806107227,3850.6650449076055,0.035953910663514756,1.8601753887655996,4.783004501447303,0.0122004655725714,159.8127057140697,0.02695898128986887,18,1,4,3547.650879,6945.6335447500005,39969.436525,0.011997500000000001,25.21207125,209.50879675,0.29093525,999.3065489999999,0.16619725,437.7906661330194,1073.626601511294,4701.907078401829,0.011671700015421917,7.961122114083021,5.2636642339130715,0.2606112722584875,553.325504082461,0.02695898128986887,0
